{
    "loss": 0.19502560794353485,
    "accuracy": 0.9396551847457886
}